"","x"
"1",TRUE
"2",TRUE
"3",TRUE
"4",TRUE
"5",TRUE
"6",TRUE
"7",TRUE
"8",FALSE
"9",TRUE
"10",TRUE
"11",FALSE
"12",TRUE
"13",TRUE
"14",TRUE
"15",TRUE
"16",TRUE
"17",FALSE
"18",TRUE
"19",TRUE
"20",TRUE
"21",TRUE
"22",FALSE
"23",TRUE
"24",TRUE
"25",FALSE
"26",TRUE
"27",TRUE
"28",TRUE
"29",TRUE
"30",TRUE
"31",TRUE
"32",TRUE
"33",TRUE
"34",TRUE
"35",FALSE
"36",TRUE
"37",TRUE
"38",TRUE
"39",TRUE
"40",TRUE
"41",FALSE
"42",TRUE
"43",TRUE
"44",TRUE
"45",TRUE
"46",TRUE
"47",TRUE
"48",TRUE
"49",TRUE
"50",FALSE
"51",FALSE
"52",FALSE
"53",FALSE
"54",TRUE
"55",TRUE
"56",TRUE
"57",TRUE
"58",FALSE
"59",FALSE
"60",TRUE
"61",TRUE
"62",TRUE
"63",TRUE
"64",FALSE
"65",TRUE
"66",TRUE
"67",TRUE
"68",TRUE
"69",TRUE
"70",TRUE
"71",TRUE
"72",TRUE
"73",TRUE
"74",FALSE
"75",TRUE
"76",TRUE
"77",TRUE
"78",TRUE
"79",TRUE
"80",TRUE
"81",TRUE
"82",TRUE
"83",TRUE
"84",TRUE
"85",TRUE
"86",FALSE
"87",TRUE
"88",TRUE
"89",TRUE
"90",TRUE
"91",TRUE
"92",TRUE
"93",TRUE
"94",TRUE
"95",TRUE
"96",TRUE
"97",TRUE
"98",TRUE
"99",TRUE
"100",TRUE
"101",FALSE
"102",TRUE
"103",TRUE
"104",FALSE
"105",TRUE
"106",TRUE
"107",FALSE
"108",TRUE
"109",TRUE
"110",FALSE
"111",FALSE
"112",FALSE
"113",FALSE
"114",TRUE
"115",FALSE
"116",FALSE
"117",TRUE
"118",TRUE
"119",TRUE
"120",TRUE
"121",TRUE
"122",TRUE
"123",TRUE
"124",TRUE
"125",TRUE
"126",TRUE
"127",TRUE
"128",TRUE
"129",TRUE
"130",FALSE
"131",FALSE
"132",TRUE
"133",FALSE
"134",TRUE
"135",TRUE
"136",TRUE
"137",TRUE
"138",TRUE
"139",FALSE
"140",FALSE
"141",FALSE
"142",TRUE
"143",TRUE
"144",TRUE
"145",TRUE
"146",TRUE
"147",TRUE
"148",TRUE
"149",TRUE
"150",TRUE
"151",TRUE
"152",TRUE
"153",TRUE
"154",TRUE
"155",TRUE
"156",TRUE
"157",TRUE
"158",TRUE
"159",TRUE
"160",TRUE
"161",TRUE
"162",TRUE
"163",FALSE
"164",TRUE
"165",TRUE
"166",TRUE
"167",TRUE
"168",TRUE
"169",TRUE
"170",TRUE
"171",TRUE
"172",TRUE
"173",TRUE
"174",TRUE
"175",TRUE
"176",TRUE
"177",TRUE
"178",TRUE
"179",TRUE
"180",TRUE
"181",TRUE
"182",TRUE
"183",TRUE
"184",TRUE
"185",TRUE
"186",TRUE
"187",TRUE
"188",TRUE
"189",TRUE
"190",TRUE
"191",FALSE
"192",TRUE
"193",TRUE
"194",TRUE
"195",FALSE
"196",FALSE
"197",FALSE
"198",FALSE
"199",FALSE
"200",FALSE
"201",TRUE
"202",FALSE
"203",FALSE
"204",TRUE
"205",TRUE
"206",TRUE
"207",TRUE
"208",TRUE
"209",FALSE
"210",TRUE
"211",TRUE
"212",FALSE
"213",TRUE
"214",TRUE
"215",FALSE
"216",TRUE
"217",TRUE
"218",TRUE
"219",TRUE
"220",TRUE
"221",TRUE
"222",TRUE
"223",TRUE
"224",FALSE
"225",TRUE
"226",TRUE
"227",TRUE
"228",TRUE
"229",TRUE
"230",TRUE
"231",TRUE
"232",TRUE
"233",TRUE
"234",TRUE
"235",TRUE
"236",FALSE
"237",TRUE
"238",TRUE
"239",TRUE
"240",FALSE
"241",TRUE
"242",FALSE
"243",TRUE
"244",TRUE
"245",TRUE
"246",TRUE
"247",TRUE
"248",TRUE
"249",TRUE
"250",TRUE
"251",TRUE
"252",TRUE
"253",TRUE
"254",TRUE
"255",TRUE
"256",TRUE
"257",FALSE
"258",TRUE
"259",TRUE
"260",TRUE
"261",TRUE
"262",TRUE
"263",TRUE
"264",TRUE
"265",FALSE
"266",TRUE
"267",TRUE
"268",FALSE
"269",FALSE
"270",TRUE
"271",TRUE
"272",FALSE
"273",TRUE
"274",TRUE
"275",TRUE
"276",TRUE
"277",TRUE
"278",TRUE
"279",TRUE
"280",FALSE
"281",TRUE
"282",TRUE
"283",FALSE
"284",TRUE
"285",TRUE
"286",FALSE
"287",FALSE
"288",TRUE
"289",FALSE
"290",FALSE
"291",TRUE
"292",TRUE
"293",TRUE
"294",TRUE
"295",TRUE
"296",TRUE
"297",TRUE
"298",TRUE
"299",TRUE
"300",TRUE
"301",TRUE
"302",FALSE
"303",TRUE
"304",TRUE
"305",TRUE
"306",TRUE
"307",TRUE
"308",TRUE
"309",TRUE
"310",TRUE
"311",TRUE
"312",TRUE
"313",TRUE
"314",TRUE
"315",TRUE
"316",TRUE
"317",TRUE
"318",TRUE
"319",FALSE
"320",FALSE
"321",TRUE
"322",TRUE
"323",FALSE
"324",TRUE
"325",FALSE
"326",TRUE
"327",FALSE
"328",TRUE
"329",FALSE
"330",TRUE
"331",FALSE
"332",FALSE
"333",FALSE
"334",TRUE
"335",FALSE
"336",TRUE
"337",FALSE
"338",FALSE
"339",TRUE
"340",FALSE
"341",FALSE
"342",TRUE
"343",FALSE
"344",TRUE
"345",TRUE
"346",TRUE
"347",TRUE
"348",TRUE
"349",FALSE
"350",FALSE
"351",TRUE
"352",TRUE
"353",TRUE
"354",TRUE
"355",TRUE
"356",FALSE
"357",TRUE
"358",FALSE
"359",TRUE
"360",FALSE
"361",TRUE
"362",TRUE
"363",TRUE
"364",TRUE
"365",TRUE
"366",TRUE
"367",FALSE
"368",TRUE
"369",TRUE
"370",TRUE
"371",TRUE
"372",TRUE
"373",TRUE
"374",FALSE
"375",FALSE
"376",FALSE
"377",TRUE
"378",TRUE
"379",FALSE
"380",FALSE
"381",TRUE
"382",TRUE
"383",TRUE
"384",TRUE
"385",FALSE
"386",TRUE
"387",TRUE
"388",FALSE
"389",TRUE
"390",TRUE
"391",TRUE
"392",FALSE
"393",TRUE
"394",FALSE
"395",FALSE
"396",FALSE
"397",FALSE
"398",FALSE
"399",FALSE
"400",TRUE
"401",TRUE
"402",FALSE
"403",FALSE
"404",FALSE
"405",TRUE
"406",FALSE
"407",FALSE
"408",TRUE
"409",TRUE
"410",FALSE
"411",TRUE
"412",TRUE
"413",TRUE
"414",TRUE
"415",TRUE
"416",FALSE
"417",FALSE
"418",TRUE
"419",TRUE
"420",TRUE
"421",TRUE
"422",FALSE
"423",TRUE
"424",FALSE
"425",TRUE
"426",TRUE
"427",FALSE
"428",TRUE
"429",TRUE
"430",TRUE
"431",TRUE
"432",TRUE
"433",FALSE
"434",TRUE
"435",TRUE
"436",TRUE
"437",TRUE
"438",TRUE
"439",TRUE
"440",TRUE
"441",TRUE
"442",TRUE
"443",TRUE
"444",TRUE
"445",TRUE
"446",FALSE
"447",TRUE
"448",TRUE
"449",FALSE
"450",TRUE
"451",FALSE
"452",FALSE
"453",TRUE
"454",TRUE
"455",TRUE
"456",TRUE
"457",TRUE
"458",TRUE
"459",TRUE
"460",TRUE
"461",TRUE
"462",TRUE
"463",TRUE
"464",TRUE
"465",FALSE
"466",TRUE
"467",FALSE
"468",TRUE
"469",TRUE
"470",FALSE
"471",TRUE
"472",FALSE
"473",FALSE
"474",TRUE
"475",FALSE
"476",FALSE
"477",TRUE
"478",FALSE
"479",TRUE
"480",TRUE
"481",TRUE
"482",FALSE
"483",TRUE
"484",TRUE
"485",TRUE
"486",FALSE
"487",TRUE
"488",TRUE
"489",TRUE
"490",TRUE
"491",TRUE
"492",TRUE
"493",TRUE
"494",TRUE
"495",TRUE
"496",TRUE
"497",TRUE
"498",FALSE
"499",FALSE
"500",FALSE
"501",TRUE
"502",TRUE
"503",TRUE
"504",TRUE
"505",TRUE
"506",FALSE
"507",TRUE
"508",TRUE
"509",FALSE
"510",TRUE
"511",TRUE
"512",FALSE
"513",TRUE
"514",TRUE
"515",TRUE
"516",TRUE
"517",TRUE
"518",TRUE
"519",TRUE
"520",TRUE
"521",TRUE
"522",TRUE
"523",TRUE
"524",TRUE
"525",TRUE
"526",TRUE
"527",TRUE
"528",TRUE
"529",FALSE
"530",FALSE
"531",TRUE
"532",TRUE
"533",FALSE
"534",TRUE
"535",FALSE
"536",FALSE
"537",TRUE
"538",FALSE
"539",FALSE
"540",TRUE
"541",TRUE
"542",FALSE
"543",FALSE
"544",TRUE
"545",FALSE
"546",TRUE
"547",FALSE
"548",TRUE
"549",TRUE
"550",FALSE
"551",FALSE
"552",TRUE
"553",FALSE
"554",FALSE
"555",TRUE
"556",FALSE
"557",TRUE
"558",FALSE
"559",FALSE
"560",TRUE
"561",TRUE
"562",FALSE
"563",TRUE
"564",FALSE
"565",FALSE
"566",TRUE
"567",TRUE
"568",FALSE
"569",FALSE
"570",TRUE
"571",FALSE
"572",TRUE
"573",TRUE
"574",TRUE
"575",TRUE
"576",TRUE
"577",FALSE
"578",FALSE
"579",TRUE
"580",TRUE
"581",FALSE
"582",FALSE
"583",TRUE
"584",TRUE
"585",TRUE
"586",TRUE
"587",FALSE
"588",FALSE
"589",TRUE
"590",TRUE
"591",FALSE
"592",FALSE
"593",FALSE
"594",TRUE
"595",TRUE
"596",FALSE
"597",TRUE
"598",TRUE
"599",FALSE
"600",TRUE
"601",TRUE
"602",FALSE
"603",TRUE
"604",FALSE
"605",FALSE
"606",TRUE
"607",TRUE
"608",TRUE
"609",TRUE
"610",FALSE
"611",FALSE
"612",TRUE
"613",FALSE
"614",FALSE
"615",FALSE
"616",FALSE
"617",FALSE
"618",FALSE
"619",FALSE
"620",TRUE
"621",TRUE
"622",TRUE
"623",TRUE
"624",TRUE
"625",FALSE
"626",FALSE
"627",TRUE
"628",FALSE
"629",TRUE
"630",TRUE
"631",FALSE
"632",FALSE
"633",TRUE
"634",FALSE
"635",FALSE
"636",TRUE
"637",FALSE
"638",FALSE
"639",TRUE
"640",FALSE
"641",TRUE
"642",FALSE
"643",FALSE
"644",TRUE
"645",FALSE
"646",TRUE
"647",TRUE
"648",TRUE
"649",TRUE
"650",TRUE
"651",TRUE
"652",TRUE
"653",TRUE
"654",TRUE
"655",TRUE
"656",FALSE
"657",TRUE
"658",TRUE
"659",TRUE
"660",TRUE
"661",TRUE
"662",TRUE
"663",TRUE
"664",TRUE
"665",TRUE
"666",TRUE
"667",TRUE
"668",TRUE
"669",TRUE
"670",FALSE
"671",FALSE
"672",TRUE
"673",TRUE
"674",TRUE
"675",TRUE
"676",FALSE
"677",TRUE
"678",TRUE
"679",TRUE
"680",FALSE
"681",TRUE
"682",FALSE
"683",FALSE
"684",TRUE
"685",FALSE
"686",FALSE
"687",FALSE
"688",FALSE
"689",TRUE
"690",TRUE
"691",FALSE
"692",FALSE
"693",FALSE
"694",FALSE
"695",FALSE
"696",TRUE
"697",FALSE
"698",TRUE
"699",TRUE
"700",TRUE
"701",FALSE
"702",TRUE
"703",TRUE
"704",TRUE
"705",TRUE
"706",TRUE
"707",FALSE
"708",TRUE
"709",FALSE
"710",FALSE
"711",FALSE
"712",TRUE
