"","x"
"1",TRUE
"2",TRUE
"3",TRUE
"4",TRUE
"5",TRUE
"6",TRUE
"7",TRUE
"8",TRUE
"9",TRUE
"10",TRUE
"11",FALSE
"12",TRUE
"13",TRUE
"14",TRUE
"15",TRUE
"16",FALSE
"17",FALSE
"18",TRUE
"19",TRUE
"20",TRUE
"21",TRUE
"22",FALSE
"23",FALSE
"24",TRUE
"25",TRUE
"26",TRUE
"27",TRUE
"28",TRUE
"29",TRUE
"30",TRUE
"31",TRUE
"32",TRUE
"33",TRUE
"34",TRUE
"35",TRUE
"36",TRUE
"37",TRUE
"38",TRUE
"39",TRUE
"40",TRUE
"41",TRUE
"42",TRUE
"43",FALSE
"44",TRUE
"45",TRUE
"46",FALSE
"47",TRUE
"48",TRUE
"49",FALSE
"50",TRUE
"51",TRUE
"52",TRUE
"53",TRUE
"54",TRUE
"55",TRUE
"56",TRUE
"57",TRUE
"58",TRUE
"59",TRUE
"60",TRUE
"61",TRUE
"62",TRUE
"63",TRUE
"64",FALSE
"65",FALSE
"66",TRUE
"67",TRUE
"68",TRUE
"69",TRUE
"70",TRUE
"71",TRUE
"72",TRUE
"73",TRUE
"74",FALSE
"75",TRUE
"76",TRUE
"77",TRUE
"78",TRUE
"79",TRUE
"80",FALSE
"81",TRUE
"82",TRUE
"83",TRUE
"84",TRUE
"85",TRUE
"86",TRUE
"87",TRUE
"88",TRUE
"89",TRUE
"90",TRUE
"91",TRUE
"92",TRUE
"93",TRUE
"94",TRUE
"95",TRUE
"96",TRUE
"97",TRUE
"98",TRUE
"99",TRUE
"100",TRUE
"101",FALSE
"102",TRUE
"103",TRUE
"104",TRUE
"105",TRUE
"106",FALSE
"107",FALSE
"108",FALSE
"109",TRUE
"110",FALSE
"111",TRUE
"112",FALSE
"113",FALSE
"114",TRUE
"115",FALSE
"116",FALSE
"117",TRUE
"118",TRUE
"119",TRUE
"120",TRUE
"121",FALSE
"122",FALSE
"123",TRUE
"124",TRUE
"125",TRUE
"126",TRUE
"127",TRUE
"128",TRUE
"129",TRUE
"130",FALSE
"131",TRUE
"132",TRUE
"133",TRUE
"134",FALSE
"135",TRUE
"136",TRUE
"137",TRUE
"138",TRUE
"139",FALSE
"140",FALSE
"141",FALSE
"142",TRUE
"143",FALSE
"144",TRUE
"145",TRUE
"146",TRUE
"147",TRUE
"148",TRUE
"149",TRUE
"150",TRUE
"151",TRUE
"152",TRUE
"153",TRUE
"154",TRUE
"155",TRUE
"156",TRUE
"157",TRUE
"158",TRUE
"159",TRUE
"160",TRUE
"161",TRUE
"162",TRUE
"163",FALSE
"164",TRUE
"165",TRUE
"166",TRUE
"167",TRUE
"168",TRUE
"169",TRUE
"170",TRUE
"171",TRUE
"172",TRUE
"173",TRUE
"174",TRUE
"175",TRUE
"176",FALSE
"177",TRUE
"178",TRUE
"179",TRUE
"180",TRUE
"181",TRUE
"182",TRUE
"183",TRUE
"184",TRUE
"185",TRUE
"186",TRUE
"187",TRUE
"188",TRUE
"189",TRUE
"190",TRUE
"191",TRUE
"192",TRUE
"193",TRUE
"194",TRUE
"195",FALSE
"196",FALSE
"197",FALSE
"198",TRUE
"199",FALSE
"200",FALSE
"201",TRUE
"202",TRUE
"203",FALSE
"204",TRUE
"205",FALSE
"206",TRUE
"207",TRUE
"208",TRUE
"209",FALSE
"210",TRUE
"211",TRUE
"212",FALSE
"213",TRUE
"214",TRUE
"215",TRUE
"216",FALSE
"217",TRUE
"218",TRUE
"219",TRUE
"220",FALSE
"221",TRUE
"222",TRUE
"223",TRUE
"224",TRUE
"225",TRUE
"226",TRUE
"227",TRUE
"228",TRUE
"229",FALSE
"230",FALSE
"231",TRUE
"232",TRUE
"233",TRUE
"234",TRUE
"235",TRUE
"236",FALSE
"237",TRUE
"238",TRUE
"239",TRUE
"240",TRUE
"241",TRUE
"242",FALSE
"243",TRUE
"244",TRUE
"245",TRUE
"246",TRUE
"247",TRUE
"248",FALSE
"249",TRUE
"250",TRUE
"251",TRUE
"252",TRUE
"253",TRUE
"254",TRUE
"255",TRUE
"256",TRUE
"257",TRUE
"258",TRUE
"259",TRUE
"260",TRUE
"261",TRUE
"262",TRUE
"263",TRUE
"264",TRUE
"265",TRUE
"266",TRUE
"267",TRUE
"268",FALSE
"269",FALSE
"270",TRUE
"271",TRUE
"272",TRUE
"273",TRUE
"274",TRUE
"275",TRUE
"276",TRUE
"277",TRUE
"278",TRUE
"279",TRUE
"280",FALSE
"281",FALSE
"282",TRUE
"283",TRUE
"284",TRUE
"285",TRUE
"286",FALSE
"287",FALSE
"288",TRUE
"289",TRUE
"290",TRUE
"291",TRUE
"292",TRUE
"293",TRUE
"294",TRUE
"295",TRUE
"296",TRUE
"297",TRUE
"298",FALSE
"299",TRUE
"300",TRUE
"301",TRUE
"302",TRUE
"303",TRUE
"304",TRUE
"305",TRUE
"306",TRUE
"307",TRUE
"308",TRUE
"309",TRUE
"310",TRUE
"311",TRUE
"312",TRUE
"313",FALSE
"314",TRUE
"315",TRUE
"316",TRUE
"317",TRUE
"318",TRUE
"319",TRUE
"320",FALSE
"321",TRUE
"322",TRUE
"323",FALSE
"324",TRUE
"325",TRUE
"326",FALSE
"327",TRUE
"328",TRUE
"329",FALSE
"330",FALSE
"331",FALSE
"332",FALSE
"333",TRUE
"334",TRUE
"335",TRUE
"336",TRUE
"337",FALSE
"338",FALSE
"339",TRUE
"340",FALSE
"341",FALSE
"342",TRUE
"343",TRUE
"344",TRUE
"345",TRUE
"346",TRUE
"347",FALSE
"348",TRUE
"349",TRUE
"350",TRUE
"351",TRUE
"352",TRUE
"353",FALSE
"354",TRUE
"355",TRUE
"356",TRUE
"357",TRUE
"358",TRUE
"359",TRUE
"360",TRUE
"361",FALSE
"362",FALSE
"363",TRUE
"364",TRUE
"365",TRUE
"366",TRUE
"367",FALSE
"368",FALSE
"369",TRUE
"370",TRUE
"371",TRUE
"372",FALSE
"373",FALSE
"374",FALSE
"375",TRUE
"376",TRUE
"377",FALSE
"378",FALSE
"379",TRUE
"380",FALSE
"381",TRUE
"382",TRUE
"383",FALSE
"384",TRUE
"385",TRUE
"386",TRUE
"387",TRUE
"388",TRUE
"389",FALSE
"390",TRUE
"391",TRUE
"392",FALSE
"393",FALSE
"394",TRUE
"395",FALSE
"396",FALSE
"397",FALSE
"398",FALSE
"399",TRUE
"400",TRUE
"401",TRUE
"402",FALSE
"403",TRUE
"404",TRUE
"405",TRUE
"406",FALSE
"407",FALSE
"408",FALSE
"409",TRUE
"410",FALSE
"411",TRUE
"412",TRUE
"413",TRUE
"414",TRUE
"415",TRUE
"416",TRUE
"417",TRUE
"418",TRUE
"419",TRUE
"420",FALSE
"421",TRUE
"422",TRUE
"423",TRUE
"424",TRUE
"425",FALSE
"426",FALSE
"427",TRUE
"428",FALSE
"429",FALSE
"430",TRUE
"431",FALSE
"432",FALSE
"433",TRUE
"434",FALSE
"435",FALSE
"436",TRUE
"437",TRUE
"438",TRUE
"439",TRUE
"440",FALSE
"441",TRUE
"442",TRUE
"443",FALSE
"444",TRUE
"445",FALSE
"446",TRUE
"447",TRUE
"448",TRUE
"449",TRUE
"450",TRUE
"451",TRUE
"452",TRUE
"453",TRUE
"454",TRUE
"455",TRUE
"456",TRUE
"457",TRUE
"458",FALSE
"459",TRUE
"460",TRUE
"461",FALSE
"462",FALSE
"463",FALSE
"464",FALSE
"465",FALSE
"466",TRUE
"467",FALSE
"468",TRUE
"469",TRUE
"470",TRUE
"471",TRUE
"472",TRUE
"473",TRUE
"474",TRUE
"475",TRUE
"476",TRUE
"477",TRUE
"478",TRUE
"479",TRUE
"480",FALSE
"481",TRUE
"482",TRUE
"483",FALSE
"484",TRUE
"485",TRUE
"486",FALSE
"487",FALSE
"488",FALSE
"489",FALSE
"490",FALSE
"491",TRUE
"492",TRUE
"493",TRUE
"494",TRUE
"495",FALSE
"496",TRUE
"497",FALSE
"498",FALSE
"499",FALSE
"500",FALSE
"501",FALSE
"502",TRUE
"503",TRUE
"504",TRUE
"505",TRUE
"506",FALSE
"507",TRUE
"508",TRUE
"509",TRUE
"510",FALSE
"511",TRUE
"512",FALSE
"513",TRUE
"514",TRUE
"515",TRUE
"516",TRUE
"517",TRUE
"518",FALSE
"519",FALSE
"520",TRUE
"521",TRUE
"522",TRUE
"523",TRUE
"524",FALSE
"525",FALSE
"526",TRUE
"527",FALSE
"528",FALSE
"529",TRUE
"530",FALSE
"531",TRUE
"532",TRUE
"533",TRUE
"534",TRUE
"535",TRUE
"536",FALSE
"537",FALSE
"538",TRUE
"539",FALSE
"540",FALSE
"541",TRUE
"542",TRUE
"543",FALSE
"544",TRUE
"545",FALSE
"546",TRUE
"547",TRUE
"548",FALSE
"549",FALSE
"550",TRUE
"551",FALSE
"552",TRUE
"553",FALSE
"554",FALSE
"555",FALSE
"556",TRUE
"557",FALSE
"558",TRUE
"559",TRUE
"560",TRUE
"561",TRUE
"562",TRUE
"563",TRUE
"564",TRUE
"565",TRUE
"566",TRUE
"567",TRUE
"568",TRUE
"569",TRUE
"570",TRUE
"571",TRUE
"572",TRUE
"573",TRUE
"574",TRUE
"575",TRUE
"576",FALSE
"577",TRUE
"578",FALSE
"579",TRUE
"580",TRUE
"581",TRUE
"582",FALSE
"583",TRUE
"584",FALSE
"585",TRUE
"586",TRUE
"587",TRUE
"588",TRUE
"589",TRUE
"590",TRUE
"591",TRUE
"592",TRUE
"593",FALSE
"594",TRUE
"595",TRUE
"596",TRUE
"597",TRUE
"598",TRUE
"599",FALSE
"600",TRUE
"601",TRUE
"602",FALSE
"603",FALSE
"604",TRUE
"605",FALSE
"606",FALSE
"607",TRUE
"608",FALSE
"609",TRUE
"610",TRUE
"611",TRUE
"612",TRUE
"613",TRUE
"614",TRUE
"615",FALSE
"616",TRUE
"617",TRUE
"618",TRUE
"619",TRUE
"620",FALSE
"621",FALSE
"622",TRUE
"623",FALSE
"624",FALSE
"625",TRUE
"626",FALSE
"627",FALSE
"628",TRUE
"629",FALSE
"630",FALSE
"631",TRUE
"632",TRUE
"633",FALSE
"634",TRUE
"635",TRUE
"636",TRUE
"637",TRUE
"638",TRUE
"639",TRUE
"640",TRUE
"641",FALSE
"642",FALSE
"643",TRUE
"644",FALSE
"645",TRUE
"646",TRUE
"647",FALSE
"648",FALSE
"649",TRUE
"650",TRUE
"651",FALSE
"652",TRUE
"653",FALSE
"654",FALSE
"655",TRUE
"656",FALSE
"657",FALSE
"658",TRUE
"659",FALSE
"660",TRUE
"661",TRUE
"662",FALSE
"663",FALSE
"664",FALSE
"665",FALSE
"666",FALSE
"667",FALSE
"668",TRUE
"669",TRUE
"670",TRUE
"671",TRUE
"672",FALSE
"673",FALSE
"674",TRUE
"675",FALSE
"676",TRUE
"677",TRUE
"678",FALSE
"679",FALSE
"680",FALSE
"681",TRUE
"682",TRUE
"683",TRUE
