"","x"
"1",FALSE
"2",FALSE
"3",FALSE
"4",TRUE
"5",TRUE
"6",TRUE
"7",TRUE
"8",FALSE
"9",TRUE
"10",TRUE
"11",FALSE
"12",FALSE
"13",TRUE
"14",FALSE
"15",FALSE
"16",FALSE
"17",FALSE
"18",TRUE
"19",TRUE
"20",FALSE
"21",FALSE
"22",TRUE
"23",FALSE
"24",FALSE
"25",TRUE
"26",FALSE
"27",FALSE
"28",FALSE
"29",TRUE
"30",TRUE
"31",FALSE
"32",FALSE
"33",TRUE
"34",TRUE
"35",FALSE
"36",TRUE
"37",FALSE
"38",TRUE
"39",TRUE
"40",TRUE
"41",FALSE
"42",FALSE
"43",FALSE
"44",FALSE
"45",FALSE
"46",FALSE
"47",TRUE
"48",FALSE
"49",FALSE
"50",FALSE
"51",FALSE
"52",FALSE
"53",TRUE
"54",FALSE
"55",FALSE
"56",FALSE
"57",FALSE
"58",TRUE
"59",FALSE
"60",FALSE
"61",FALSE
"62",FALSE
"63",TRUE
"64",FALSE
"65",FALSE
"66",FALSE
"67",TRUE
"68",TRUE
"69",FALSE
"70",TRUE
"71",FALSE
"72",FALSE
"73",TRUE
"74",FALSE
"75",TRUE
"76",FALSE
"77",FALSE
"78",FALSE
"79",TRUE
"80",FALSE
"81",FALSE
"82",FALSE
"83",FALSE
"84",TRUE
"85",FALSE
"86",FALSE
"87",FALSE
"88",FALSE
"89",FALSE
"90",FALSE
"91",FALSE
"92",TRUE
"93",FALSE
"94",FALSE
"95",FALSE
"96",FALSE
"97",FALSE
"98",FALSE
"99",FALSE
"100",FALSE
"101",FALSE
"102",FALSE
"103",TRUE
"104",TRUE
"105",FALSE
"106",FALSE
"107",FALSE
"108",FALSE
"109",FALSE
"110",FALSE
"111",TRUE
"112",FALSE
"113",FALSE
"114",FALSE
"115",FALSE
"116",FALSE
"117",FALSE
"118",TRUE
"119",TRUE
"120",FALSE
"121",FALSE
"122",FALSE
"123",FALSE
"124",FALSE
"125",FALSE
"126",TRUE
"127",FALSE
"128",FALSE
"129",FALSE
"130",FALSE
"131",FALSE
"132",TRUE
"133",FALSE
"134",FALSE
"135",TRUE
"136",FALSE
"137",FALSE
"138",TRUE
"139",FALSE
"140",FALSE
"141",FALSE
"142",TRUE
"143",FALSE
"144",FALSE
"145",FALSE
"146",TRUE
"147",TRUE
"148",FALSE
"149",FALSE
"150",FALSE
"151",FALSE
"152",FALSE
"153",FALSE
"154",FALSE
"155",TRUE
"156",FALSE
"157",FALSE
"158",FALSE
"159",TRUE
"160",FALSE
"161",FALSE
"162",TRUE
"163",FALSE
"164",FALSE
"165",FALSE
"166",TRUE
"167",TRUE
"168",TRUE
"169",TRUE
"170",FALSE
"171",FALSE
"172",FALSE
"173",FALSE
"174",TRUE
"175",TRUE
"176",TRUE
"177",FALSE
"178",TRUE
"179",TRUE
"180",FALSE
"181",FALSE
"182",TRUE
"183",TRUE
"184",FALSE
"185",FALSE
"186",FALSE
"187",FALSE
"188",TRUE
"189",FALSE
"190",FALSE
"191",FALSE
"192",FALSE
"193",TRUE
"194",FALSE
"195",FALSE
"196",FALSE
"197",FALSE
"198",TRUE
"199",FALSE
"200",TRUE
"201",TRUE
"202",FALSE
"203",FALSE
"204",FALSE
"205",FALSE
"206",FALSE
"207",FALSE
"208",FALSE
"209",FALSE
"210",TRUE
"211",TRUE
"212",FALSE
"213",TRUE
"214",FALSE
"215",FALSE
"216",TRUE
"217",FALSE
"218",FALSE
"219",TRUE
"220",TRUE
"221",FALSE
"222",FALSE
"223",FALSE
"224",FALSE
"225",FALSE
"226",TRUE
"227",FALSE
"228",TRUE
"229",TRUE
"230",TRUE
"231",FALSE
"232",FALSE
"233",TRUE
"234",TRUE
"235",TRUE
"236",FALSE
"237",TRUE
"238",FALSE
"239",TRUE
"240",FALSE
"241",FALSE
"242",FALSE
"243",TRUE
"244",FALSE
"245",FALSE
"246",FALSE
"247",TRUE
"248",FALSE
"249",TRUE
"250",TRUE
"251",TRUE
"252",TRUE
"253",TRUE
"254",TRUE
"255",TRUE
"256",FALSE
"257",FALSE
"258",TRUE
"259",TRUE
"260",TRUE
"261",TRUE
"262",FALSE
"263",FALSE
"264",FALSE
"265",FALSE
"266",TRUE
"267",TRUE
"268",FALSE
"269",TRUE
"270",TRUE
"271",TRUE
"272",FALSE
"273",TRUE
"274",FALSE
"275",FALSE
"276",FALSE
"277",TRUE
"278",FALSE
"279",FALSE
"280",FALSE
"281",TRUE
"282",FALSE
"283",FALSE
"284",TRUE
"285",TRUE
"286",FALSE
"287",FALSE
"288",FALSE
"289",FALSE
"290",TRUE
"291",TRUE
"292",FALSE
"293",FALSE
"294",TRUE
"295",FALSE
"296",FALSE
"297",TRUE
"298",FALSE
"299",TRUE
"300",TRUE
"301",TRUE
"302",FALSE
"303",FALSE
"304",TRUE
"305",FALSE
"306",TRUE
"307",FALSE
"308",TRUE
"309",TRUE
"310",TRUE
"311",FALSE
"312",TRUE
"313",TRUE
"314",FALSE
"315",TRUE
"316",FALSE
"317",FALSE
"318",TRUE
"319",TRUE
"320",FALSE
"321",FALSE
"322",FALSE
"323",FALSE
"324",TRUE
"325",FALSE
"326",FALSE
"327",TRUE
"328",TRUE
"329",FALSE
"330",TRUE
"331",TRUE
"332",TRUE
"333",FALSE
"334",FALSE
"335",FALSE
"336",FALSE
"337",FALSE
"338",FALSE
"339",TRUE
"340",TRUE
"341",FALSE
"342",FALSE
"343",TRUE
"344",FALSE
"345",TRUE
"346",TRUE
"347",FALSE
"348",TRUE
"349",FALSE
"350",FALSE
"351",FALSE
"352",FALSE
"353",FALSE
"354",FALSE
"355",FALSE
"356",FALSE
"357",FALSE
"358",FALSE
"359",FALSE
"360",FALSE
"361",FALSE
"362",FALSE
"363",FALSE
"364",TRUE
"365",TRUE
"366",FALSE
"367",FALSE
"368",FALSE
"369",FALSE
"370",FALSE
"371",TRUE
"372",TRUE
"373",TRUE
"374",FALSE
"375",TRUE
"376",FALSE
"377",TRUE
"378",TRUE
"379",TRUE
"380",FALSE
"381",TRUE
"382",FALSE
"383",TRUE
"384",FALSE
"385",TRUE
"386",TRUE
"387",TRUE
"388",FALSE
"389",TRUE
"390",FALSE
"391",TRUE
"392",FALSE
"393",FALSE
"394",FALSE
"395",TRUE
"396",FALSE
"397",TRUE
"398",FALSE
"399",FALSE
"400",TRUE
"401",TRUE
"402",TRUE
"403",TRUE
"404",FALSE
"405",FALSE
"406",TRUE
"407",FALSE
"408",TRUE
"409",TRUE
"410",FALSE
"411",TRUE
"412",TRUE
"413",TRUE
"414",TRUE
"415",TRUE
"416",FALSE
"417",TRUE
"418",TRUE
"419",TRUE
"420",FALSE
"421",TRUE
"422",TRUE
"423",TRUE
"424",FALSE
"425",FALSE
"426",TRUE
"427",TRUE
"428",FALSE
"429",FALSE
"430",TRUE
"431",TRUE
"432",FALSE
"433",TRUE
"434",FALSE
"435",TRUE
"436",TRUE
"437",FALSE
"438",TRUE
"439",TRUE
"440",TRUE
"441",TRUE
"442",TRUE
"443",TRUE
"444",FALSE
"445",TRUE
"446",FALSE
"447",TRUE
"448",TRUE
"449",FALSE
"450",TRUE
"451",TRUE
"452",TRUE
"453",TRUE
"454",TRUE
"455",TRUE
"456",TRUE
"457",TRUE
"458",FALSE
"459",TRUE
"460",FALSE
"461",TRUE
"462",TRUE
"463",TRUE
"464",FALSE
"465",TRUE
"466",TRUE
"467",TRUE
"468",TRUE
"469",TRUE
"470",TRUE
"471",TRUE
"472",TRUE
"473",TRUE
"474",TRUE
"475",TRUE
"476",TRUE
"477",TRUE
"478",TRUE
"479",TRUE
"480",TRUE
"481",TRUE
"482",TRUE
"483",FALSE
"484",FALSE
"485",TRUE
"486",TRUE
"487",TRUE
"488",FALSE
"489",TRUE
"490",TRUE
"491",TRUE
"492",TRUE
"493",TRUE
"494",FALSE
"495",FALSE
"496",TRUE
"497",TRUE
"498",TRUE
"499",TRUE
"500",TRUE
"501",TRUE
"502",TRUE
"503",TRUE
"504",TRUE
"505",FALSE
"506",TRUE
"507",TRUE
"508",TRUE
"509",FALSE
"510",FALSE
"511",TRUE
"512",TRUE
"513",TRUE
"514",FALSE
"515",TRUE
"516",FALSE
"517",FALSE
"518",TRUE
"519",TRUE
"520",TRUE
"521",TRUE
"522",FALSE
"523",TRUE
"524",TRUE
"525",TRUE
"526",TRUE
"527",TRUE
"528",FALSE
"529",TRUE
"530",FALSE
"531",FALSE
"532",TRUE
"533",TRUE
"534",TRUE
"535",TRUE
"536",TRUE
"537",TRUE
"538",TRUE
"539",FALSE
"540",FALSE
"541",TRUE
"542",TRUE
"543",TRUE
"544",TRUE
"545",FALSE
"546",FALSE
"547",FALSE
"548",FALSE
"549",TRUE
"550",TRUE
"551",TRUE
"552",TRUE
"553",TRUE
"554",TRUE
"555",TRUE
"556",TRUE
"557",TRUE
"558",FALSE
"559",TRUE
"560",TRUE
"561",FALSE
"562",TRUE
"563",TRUE
"564",FALSE
"565",TRUE
"566",TRUE
"567",TRUE
"568",TRUE
"569",TRUE
"570",FALSE
"571",TRUE
"572",TRUE
"573",TRUE
"574",TRUE
"575",FALSE
"576",TRUE
"577",TRUE
"578",TRUE
"579",TRUE
"580",FALSE
"581",FALSE
"582",FALSE
"583",TRUE
"584",FALSE
"585",FALSE
"586",FALSE
"587",FALSE
"588",FALSE
"589",TRUE
"590",FALSE
"591",TRUE
"592",FALSE
"593",TRUE
"594",TRUE
"595",TRUE
"596",FALSE
"597",FALSE
"598",TRUE
"599",FALSE
"600",TRUE
"601",TRUE
"602",FALSE
"603",FALSE
"604",TRUE
"605",TRUE
"606",TRUE
"607",TRUE
"608",FALSE
"609",TRUE
"610",TRUE
"611",TRUE
"612",TRUE
"613",TRUE
"614",FALSE
"615",TRUE
"616",TRUE
"617",TRUE
"618",FALSE
"619",TRUE
"620",TRUE
"621",TRUE
"622",TRUE
"623",TRUE
"624",TRUE
"625",FALSE
"626",FALSE
"627",FALSE
"628",TRUE
"629",TRUE
"630",FALSE
"631",TRUE
"632",TRUE
"633",TRUE
"634",TRUE
"635",TRUE
"636",TRUE
"637",TRUE
"638",TRUE
"639",FALSE
"640",TRUE
"641",TRUE
"642",TRUE
"643",TRUE
"644",FALSE
"645",TRUE
"646",TRUE
"647",FALSE
"648",FALSE
"649",FALSE
"650",FALSE
"651",TRUE
"652",TRUE
"653",FALSE
"654",FALSE
"655",TRUE
"656",TRUE
"657",FALSE
"658",TRUE
"659",FALSE
"660",TRUE
"661",TRUE
"662",FALSE
"663",FALSE
"664",TRUE
"665",TRUE
"666",TRUE
"667",FALSE
"668",TRUE
"669",TRUE
"670",TRUE
"671",TRUE
"672",TRUE
"673",TRUE
"674",FALSE
"675",TRUE
"676",TRUE
"677",TRUE
"678",FALSE
"679",FALSE
"680",FALSE
"681",TRUE
"682",FALSE
"683",FALSE
"684",TRUE
"685",TRUE
"686",FALSE
"687",FALSE
"688",FALSE
"689",FALSE
"690",FALSE
"691",FALSE
"692",TRUE
"693",TRUE
"694",TRUE
"695",TRUE
"696",FALSE
"697",TRUE
"698",TRUE
"699",TRUE
"700",TRUE
"701",TRUE
"702",FALSE
"703",TRUE
"704",FALSE
"705",FALSE
"706",FALSE
"707",FALSE
