"","x"
"1",FALSE
"2",FALSE
"3",TRUE
"4",TRUE
"5",TRUE
"6",FALSE
"7",FALSE
"8",FALSE
"9",TRUE
"10",TRUE
"11",FALSE
"12",TRUE
"13",FALSE
"14",TRUE
"15",FALSE
"16",FALSE
"17",FALSE
"18",TRUE
"19",FALSE
"20",FALSE
"21",FALSE
"22",FALSE
"23",FALSE
"24",FALSE
"25",FALSE
"26",FALSE
"27",TRUE
"28",TRUE
"29",TRUE
"30",TRUE
"31",TRUE
"32",FALSE
"33",TRUE
"34",FALSE
"35",FALSE
"36",TRUE
"37",FALSE
"38",TRUE
"39",TRUE
"40",FALSE
"41",FALSE
"42",TRUE
"43",FALSE
"44",FALSE
"45",TRUE
"46",FALSE
"47",TRUE
"48",TRUE
"49",FALSE
"50",FALSE
"51",TRUE
"52",FALSE
"53",FALSE
"54",FALSE
"55",FALSE
"56",FALSE
"57",FALSE
"58",FALSE
"59",FALSE
"60",FALSE
"61",TRUE
"62",FALSE
"63",TRUE
"64",FALSE
"65",FALSE
"66",FALSE
"67",TRUE
"68",TRUE
"69",FALSE
"70",TRUE
"71",TRUE
"72",FALSE
"73",FALSE
"74",FALSE
"75",TRUE
"76",FALSE
"77",FALSE
"78",FALSE
"79",TRUE
"80",FALSE
"81",TRUE
"82",FALSE
"83",FALSE
"84",FALSE
"85",FALSE
"86",FALSE
"87",FALSE
"88",TRUE
"89",TRUE
"90",FALSE
"91",FALSE
"92",FALSE
"93",FALSE
"94",TRUE
"95",FALSE
"96",TRUE
"97",TRUE
"98",FALSE
"99",FALSE
"100",FALSE
"101",FALSE
"102",FALSE
"103",FALSE
"104",TRUE
"105",FALSE
"106",FALSE
"107",FALSE
"108",FALSE
"109",FALSE
"110",TRUE
"111",FALSE
"112",FALSE
"113",TRUE
"114",FALSE
"115",FALSE
"116",FALSE
"117",TRUE
"118",TRUE
"119",TRUE
"120",FALSE
"121",FALSE
"122",FALSE
"123",FALSE
"124",TRUE
"125",TRUE
"126",TRUE
"127",FALSE
"128",FALSE
"129",FALSE
"130",FALSE
"131",FALSE
"132",FALSE
"133",FALSE
"134",FALSE
"135",TRUE
"136",FALSE
"137",FALSE
"138",TRUE
"139",FALSE
"140",FALSE
"141",FALSE
"142",TRUE
"143",FALSE
"144",FALSE
"145",TRUE
"146",TRUE
"147",TRUE
"148",FALSE
"149",FALSE
"150",TRUE
"151",FALSE
"152",FALSE
"153",TRUE
"154",FALSE
"155",FALSE
"156",TRUE
"157",TRUE
"158",FALSE
"159",TRUE
"160",TRUE
"161",TRUE
"162",TRUE
"163",FALSE
"164",TRUE
"165",TRUE
"166",FALSE
"167",TRUE
"168",TRUE
"169",TRUE
"170",TRUE
"171",FALSE
"172",FALSE
"173",FALSE
"174",TRUE
"175",TRUE
"176",TRUE
"177",FALSE
"178",FALSE
"179",TRUE
"180",FALSE
"181",FALSE
"182",FALSE
"183",TRUE
"184",FALSE
"185",FALSE
"186",FALSE
"187",FALSE
"188",TRUE
"189",TRUE
"190",TRUE
"191",FALSE
"192",TRUE
"193",TRUE
"194",TRUE
"195",TRUE
"196",FALSE
"197",FALSE
"198",TRUE
"199",TRUE
"200",FALSE
"201",FALSE
"202",TRUE
"203",TRUE
"204",TRUE
"205",TRUE
"206",FALSE
"207",TRUE
"208",FALSE
"209",FALSE
"210",TRUE
"211",TRUE
"212",FALSE
"213",FALSE
"214",FALSE
"215",FALSE
"216",TRUE
"217",FALSE
"218",FALSE
"219",TRUE
"220",FALSE
"221",FALSE
"222",FALSE
"223",FALSE
"224",FALSE
"225",TRUE
"226",FALSE
"227",FALSE
"228",TRUE
"229",FALSE
"230",TRUE
"231",FALSE
"232",FALSE
"233",FALSE
"234",TRUE
"235",TRUE
"236",FALSE
"237",TRUE
"238",FALSE
"239",TRUE
"240",FALSE
"241",TRUE
"242",FALSE
"243",TRUE
"244",FALSE
"245",FALSE
"246",FALSE
"247",TRUE
"248",FALSE
"249",TRUE
"250",FALSE
"251",FALSE
"252",TRUE
"253",FALSE
"254",TRUE
"255",FALSE
"256",FALSE
"257",FALSE
"258",FALSE
"259",FALSE
"260",TRUE
"261",TRUE
"262",FALSE
"263",FALSE
"264",TRUE
"265",TRUE
"266",TRUE
"267",FALSE
"268",TRUE
"269",TRUE
"270",TRUE
"271",FALSE
"272",TRUE
"273",TRUE
"274",FALSE
"275",FALSE
"276",FALSE
"277",TRUE
"278",FALSE
"279",FALSE
"280",FALSE
"281",TRUE
"282",FALSE
"283",TRUE
"284",FALSE
"285",TRUE
"286",FALSE
"287",FALSE
"288",TRUE
"289",FALSE
"290",TRUE
"291",FALSE
"292",FALSE
"293",FALSE
"294",TRUE
"295",TRUE
"296",TRUE
"297",TRUE
"298",FALSE
"299",FALSE
"300",FALSE
"301",FALSE
"302",FALSE
"303",TRUE
"304",TRUE
"305",FALSE
"306",TRUE
"307",FALSE
"308",FALSE
"309",TRUE
"310",TRUE
"311",FALSE
"312",TRUE
"313",FALSE
"314",TRUE
"315",TRUE
"316",FALSE
"317",TRUE
"318",FALSE
"319",FALSE
"320",FALSE
"321",FALSE
"322",FALSE
"323",FALSE
"324",FALSE
"325",FALSE
"326",TRUE
"327",TRUE
"328",TRUE
"329",FALSE
"330",TRUE
"331",TRUE
"332",FALSE
"333",TRUE
"334",FALSE
"335",FALSE
"336",TRUE
"337",FALSE
"338",TRUE
"339",TRUE
"340",FALSE
"341",TRUE
"342",FALSE
"343",FALSE
"344",TRUE
"345",FALSE
"346",TRUE
"347",FALSE
"348",TRUE
"349",FALSE
"350",FALSE
"351",TRUE
"352",FALSE
"353",FALSE
"354",TRUE
"355",FALSE
"356",FALSE
"357",FALSE
"358",TRUE
"359",TRUE
"360",TRUE
"361",FALSE
"362",FALSE
"363",TRUE
"364",TRUE
"365",TRUE
"366",FALSE
"367",FALSE
"368",FALSE
"369",FALSE
"370",FALSE
"371",TRUE
"372",TRUE
"373",FALSE
"374",TRUE
"375",TRUE
"376",FALSE
"377",FALSE
"378",TRUE
"379",TRUE
"380",FALSE
"381",FALSE
"382",FALSE
"383",TRUE
"384",FALSE
"385",TRUE
"386",TRUE
"387",FALSE
"388",TRUE
"389",TRUE
"390",FALSE
"391",TRUE
"392",FALSE
"393",FALSE
"394",TRUE
"395",FALSE
"396",FALSE
"397",TRUE
"398",FALSE
"399",FALSE
"400",TRUE
"401",FALSE
"402",TRUE
"403",FALSE
"404",FALSE
"405",FALSE
"406",TRUE
"407",TRUE
"408",TRUE
"409",TRUE
"410",TRUE
"411",TRUE
"412",TRUE
"413",TRUE
"414",TRUE
"415",TRUE
"416",FALSE
"417",FALSE
"418",TRUE
"419",FALSE
"420",FALSE
"421",TRUE
"422",FALSE
"423",TRUE
"424",FALSE
"425",FALSE
"426",FALSE
"427",TRUE
"428",FALSE
"429",FALSE
"430",TRUE
"431",TRUE
"432",FALSE
"433",TRUE
"434",TRUE
"435",TRUE
"436",TRUE
"437",TRUE
"438",TRUE
"439",TRUE
"440",TRUE
"441",TRUE
"442",TRUE
"443",TRUE
"444",FALSE
"445",TRUE
"446",FALSE
"447",TRUE
"448",TRUE
"449",FALSE
"450",TRUE
"451",TRUE
"452",TRUE
"453",TRUE
"454",TRUE
"455",TRUE
"456",TRUE
"457",TRUE
"458",FALSE
"459",TRUE
"460",TRUE
"461",TRUE
"462",TRUE
"463",TRUE
"464",TRUE
"465",TRUE
"466",FALSE
"467",TRUE
"468",FALSE
"469",TRUE
"470",TRUE
"471",TRUE
"472",FALSE
"473",TRUE
"474",TRUE
"475",TRUE
"476",TRUE
"477",TRUE
"478",TRUE
"479",TRUE
"480",TRUE
"481",TRUE
"482",TRUE
"483",FALSE
"484",TRUE
"485",TRUE
"486",TRUE
"487",TRUE
"488",FALSE
"489",FALSE
"490",TRUE
"491",FALSE
"492",FALSE
"493",TRUE
"494",TRUE
"495",FALSE
"496",TRUE
"497",TRUE
"498",FALSE
"499",TRUE
"500",FALSE
"501",TRUE
"502",TRUE
"503",TRUE
"504",TRUE
"505",TRUE
"506",FALSE
"507",TRUE
"508",TRUE
"509",TRUE
"510",TRUE
"511",TRUE
"512",TRUE
"513",TRUE
"514",TRUE
"515",FALSE
"516",TRUE
"517",FALSE
"518",TRUE
"519",TRUE
"520",TRUE
"521",TRUE
"522",FALSE
"523",TRUE
"524",TRUE
"525",FALSE
"526",TRUE
"527",FALSE
"528",FALSE
"529",TRUE
"530",FALSE
"531",TRUE
"532",TRUE
"533",TRUE
"534",TRUE
"535",TRUE
"536",FALSE
"537",TRUE
"538",TRUE
"539",FALSE
"540",FALSE
"541",TRUE
"542",FALSE
"543",TRUE
"544",TRUE
"545",TRUE
"546",FALSE
"547",FALSE
"548",TRUE
"549",TRUE
"550",TRUE
"551",FALSE
"552",TRUE
"553",TRUE
"554",FALSE
"555",TRUE
"556",FALSE
"557",FALSE
"558",FALSE
"559",TRUE
"560",TRUE
"561",FALSE
"562",TRUE
"563",TRUE
"564",FALSE
"565",TRUE
"566",TRUE
"567",TRUE
"568",TRUE
"569",FALSE
"570",FALSE
"571",TRUE
"572",FALSE
"573",TRUE
"574",TRUE
"575",TRUE
"576",TRUE
"577",TRUE
"578",TRUE
"579",TRUE
"580",FALSE
"581",FALSE
"582",TRUE
"583",TRUE
"584",FALSE
"585",FALSE
"586",TRUE
"587",FALSE
"588",FALSE
"589",TRUE
"590",FALSE
"591",TRUE
"592",TRUE
"593",TRUE
"594",FALSE
"595",TRUE
"596",FALSE
"597",FALSE
"598",TRUE
"599",TRUE
"600",TRUE
"601",TRUE
"602",FALSE
"603",FALSE
"604",FALSE
"605",TRUE
"606",TRUE
"607",TRUE
"608",FALSE
"609",FALSE
"610",TRUE
"611",FALSE
"612",TRUE
"613",TRUE
"614",TRUE
"615",TRUE
"616",TRUE
"617",TRUE
"618",FALSE
"619",TRUE
"620",TRUE
"621",TRUE
"622",TRUE
"623",TRUE
"624",TRUE
"625",FALSE
"626",FALSE
"627",FALSE
"628",TRUE
"629",FALSE
"630",FALSE
"631",TRUE
"632",TRUE
"633",TRUE
"634",TRUE
"635",TRUE
"636",TRUE
"637",TRUE
"638",TRUE
"639",TRUE
"640",TRUE
"641",FALSE
"642",TRUE
"643",TRUE
"644",FALSE
"645",TRUE
"646",TRUE
"647",FALSE
"648",FALSE
"649",TRUE
"650",FALSE
"651",FALSE
"652",TRUE
"653",FALSE
"654",FALSE
"655",TRUE
"656",FALSE
"657",FALSE
"658",TRUE
"659",TRUE
"660",TRUE
"661",TRUE
"662",FALSE
"663",TRUE
"664",TRUE
"665",TRUE
"666",FALSE
"667",TRUE
"668",TRUE
"669",FALSE
"670",TRUE
"671",FALSE
"672",FALSE
"673",TRUE
"674",FALSE
"675",TRUE
"676",TRUE
"677",FALSE
"678",FALSE
"679",FALSE
"680",FALSE
"681",FALSE
"682",TRUE
"683",FALSE
"684",TRUE
"685",TRUE
"686",FALSE
"687",FALSE
"688",FALSE
"689",FALSE
"690",FALSE
"691",FALSE
"692",FALSE
"693",TRUE
"694",TRUE
"695",TRUE
"696",FALSE
"697",TRUE
"698",FALSE
"699",FALSE
"700",TRUE
"701",FALSE
"702",FALSE
"703",TRUE
"704",TRUE
"705",FALSE
"706",TRUE
"707",FALSE
